mode,device,frames,avg_ms_per_frame,fps,elapsed_seconds
detect,cpu,253.0,34.15281462447217,29.280163611565143,8.64066209999146
track,cpu,253.0,35.90718181822228,27.849581876473444,9.084517000010237
