Metric,Value
Precision,0.8581023373874362
Recall,0.8322025702840268
F1-Score,0.8449540287075292
mAP@0.5,0.8912804911470839
mAP@0.5:0.95,0.6791408953861295
